USER_ID,cohort
R04535,2020-03-01 00:00:00+05:30
R02235,2020-02-01 00:00:00+05:30
R01533,2019-05-01 00:00:00+05:30
E00647,2020-09-01 00:00:00+05:30
E02227,2020-01-01 00:00:00+05:30
E03758,2020-07-01 00:00:00+05:30
E01898,2020-04-01 00:00:00+05:30
R01977,2019-09-01 00:00:00+05:30
E03058,2020-08-01 00:00:00+05:30
E03325,2020-10-01 00:00:00+05:30
R02900,2020-04-01 00:00:00+05:30
E04662,2020-06-01 00:00:00+05:30
E01516,2020-05-01 00:00:00+05:30
E00605,2020-04-01 00:00:00+05:30
E03906,2020-07-01 00:00:00+05:30
E03423,2020-08-01 00:00:00+05:30
R04048,2020-06-01 00:00:00+05:30
E03795,2020-11-01 00:00:00+05:30
E04464,2020-02-01 00:00:00+05:30
R02044,2019-06-01 00:00:00+05:30
R01076,2020-02-01 00:00:00+05:30
E00943,2020-03-01 00:00:00+05:30
E00102,2019-11-01 00:00:00+05:30
R03465,2019-09-01 00:00:00+05:30
R00163,2019-06-01 00:00:00+05:30
E02202,2020-05-01 00:00:00+05:30
R00521,2019-04-01 00:00:00+05:30
R04639,2020-09-01 00:00:00+05:30
R04359,2019-06-01 00:00:00+05:30
R00340,2019-04-01 00:00:00+05:30
E00577,2020-11-01 00:00:00+05:30
E03226,2020-12-01 00:00:00+05:30
E02846,2020-07-01 00:00:00+05:30
E00626,2020-05-01 00:00:00+05:30
E02192,2020-04-01 00:00:00+05:30
R00935,2020-02-01 00:00:00+05:30
E01258,2020-05-01 00:00:00+05:30
E01150,2020-07-01 00:00:00+05:30
R01499,2019-09-01 00:00:00+05:30
R01432,2019-04-01 00:00:00+05:30
R02420,2020-01-01 00:00:00+05:30
R04127,2019-08-01 00:00:00+05:30
R04630,2019-12-01 00:00:00+05:30
R03519,2020-02-01 00:00:00+05:30
R00586,2020-09-01 00:00:00+05:30
E04290,2020-03-01 00:00:00+05:30
R04041,2020-02-01 00:00:00+05:30
R03717,2019-10-01 00:00:00+05:30
E04925,2020-03-01 00:00:00+05:30
R03870,2019-10-01 00:00:00+05:30
R04032,2019-11-01 00:00:00+05:30
R01132,2019-12-01 00:00:00+05:30
E00834,2020-03-01 00:00:00+05:30
E00559,2020-05-01 00:00:00+05:30
E03870,2020-05-01 00:00:00+05:30
E04415,2019-12-01 00:00:00+05:30
R04363,2020-03-01 00:00:00+05:30
R02838,2019-11-01 00:00:00+05:30
R00697,2019-07-01 00:00:00+05:30
E00842,2020-09-01 00:00:00+05:30
R00715,2019-12-01 00:00:00+05:30
E04354,2020-10-01 00:00:00+05:30
R00325,2020-01-01 00:00:00+05:30
E00665,2020-07-01 00:00:00+05:30
E01977,2020-06-01 00:00:00+05:30
R03273,2019-08-01 00:00:00+05:30
E01845,2020-05-01 00:00:00+05:30
R03988,2020-05-01 00:00:00+05:30
R03824,2020-04-01 00:00:00+05:30
E01927,2020-06-01 00:00:00+05:30
E04358,2020-05-01 00:00:00+05:30
R04533,2019-11-01 00:00:00+05:30
E00650,2020-03-01 00:00:00+05:30
R00342,2020-07-01 00:00:00+05:30
R04018,2020-01-01 00:00:00+05:30
E00864,2020-06-01 00:00:00+05:30
R03181,2020-08-01 00:00:00+05:30
R03528,2019-05-01 00:00:00+05:30
E03866,2020-05-01 00:00:00+05:30
R04089,2020-03-01 00:00:00+05:30
R04571,2020-02-01 00:00:00+05:30
R03681,2019-10-01 00:00:00+05:30
R04419,2019-07-01 00:00:00+05:30
E01755,2020-06-01 00:00:00+05:30
E00900,2020-12-01 00:00:00+05:30
R00591,2019-10-01 00:00:00+05:30
E02942,2020-10-01 00:00:00+05:30
R02378,2020-06-01 00:00:00+05:30
E03181,2020-05-01 00:00:00+05:30
R02843,2020-05-01 00:00:00+05:30
R04332,2019-11-01 00:00:00+05:30
R02632,2019-09-01 00:00:00+05:30
E04920,2020-02-01 00:00:00+05:30
E03637,2020-06-01 00:00:00+05:30
E02862,2020-05-01 00:00:00+05:30
R03189,2020-01-01 00:00:00+05:30
R01501,2020-08-01 00:00:00+05:30
E04136,2020-06-01 00:00:00+05:30
E04641,2020-07-01 00:00:00+05:30
R01712,2020-02-01 00:00:00+05:30
R01848,2019-12-01 00:00:00+05:30
R01519,2020-04-01 00:00:00+05:30
E03579,2020-05-01 00:00:00+05:30
R00952,2019-11-01 00:00:00+05:30
E04348,2020-09-01 00:00:00+05:30
E04299,2020-06-01 00:00:00+05:30
E04816,2020-06-01 00:00:00+05:30
E02415,2020-03-01 00:00:00+05:30
E01958,2020-03-01 00:00:00+05:30
E02716,2020-04-01 00:00:00+05:30
R02135,2019-09-01 00:00:00+05:30
E02599,2020-08-01 00:00:00+05:30
E04323,2019-12-01 00:00:00+05:30
E04116,2020-03-01 00:00:00+05:30
E01789,2020-03-01 00:00:00+05:30
E02190,2020-09-01 00:00:00+05:30
E02387,2020-01-01 00:00:00+05:30
R00676,2019-12-01 00:00:00+05:30
E04114,2020-07-01 00:00:00+05:30
E01714,2020-02-01 00:00:00+05:30
E04242,2020-09-01 00:00:00+05:30
R02971,2020-01-01 00:00:00+05:30
R00640,2020-08-01 00:00:00+05:30
E00360,2020-08-01 00:00:00+05:30
E03114,2020-01-01 00:00:00+05:30
E01111,2020-01-01 00:00:00+05:30
R02074,2019-12-01 00:00:00+05:30
R02561,2020-01-01 00:00:00+05:30
E03440,2020-09-01 00:00:00+05:30
R02684,2019-10-01 00:00:00+05:30
R00941,2020-01-01 00:00:00+05:30
R04152,2020-06-01 00:00:00+05:30
E02632,2020-01-01 00:00:00+05:30
E04087,2020-06-01 00:00:00+05:30
R01388,2019-06-01 00:00:00+05:30
E01466,2020-08-01 00:00:00+05:30
R04126,2019-11-01 00:00:00+05:30
R00747,2020-10-01 00:00:00+05:30
R02285,2020-02-01 00:00:00+05:30
E02966,2020-09-01 00:00:00+05:30
E00956,2019-12-01 00:00:00+05:30
R02977,2019-09-01 00:00:00+05:30
R04625,2020-01-01 00:00:00+05:30
E03894,2020-03-01 00:00:00+05:30
E04332,2020-08-01 00:00:00+05:30
R02193,2019-04-01 00:00:00+05:30
E02038,2020-05-01 00:00:00+05:30
R01754,2020-10-01 00:00:00+05:30
E00874,2020-04-01 00:00:00+05:30
R04562,2019-11-01 00:00:00+05:30
E03864,2020-04-01 00:00:00+05:30
R03160,2020-06-01 00:00:00+05:30
R03055,2019-11-01 00:00:00+05:30
E02284,2020-06-01 00:00:00+05:30
R02295,2019-09-01 00:00:00+05:30
E02191,2020-07-01 00:00:00+05:30
R04890,2020-10-01 00:00:00+05:30
E00105,2020-06-01 00:00:00+05:30
R03778,2019-12-01 00:00:00+05:30
E03830,2020-05-01 00:00:00+05:30
R00013,2020-02-01 00:00:00+05:30
R00181,2020-08-01 00:00:00+05:30
E04568,2020-07-01 00:00:00+05:30
E04751,2020-06-01 00:00:00+05:30
E04277,2020-04-01 00:00:00+05:30
R02189,2019-08-01 00:00:00+05:30
R00184,2019-03-01 00:00:00+05:30
E03471,2020-12-01 00:00:00+05:30
E04618,2020-05-01 00:00:00+05:30
E00116,2020-05-01 00:00:00+05:30
E01486,2020-02-01 00:00:00+05:30
R00626,2019-12-01 00:00:00+05:30
R01760,2020-02-01 00:00:00+05:30
R00711,2019-10-01 00:00:00+05:30
R03404,2019-04-01 00:00:00+05:30
E04041,2020-06-01 00:00:00+05:30
R01337,2020-03-01 00:00:00+05:30
R00170,2020-05-01 00:00:00+05:30
R04323,2019-09-01 00:00:00+05:30
E02977,2020-07-01 00:00:00+05:30
R04670,2020-07-01 00:00:00+05:30
E01652,2020-11-01 00:00:00+05:30
E00667,2020-10-01 00:00:00+05:30
R04403,2020-02-01 00:00:00+05:30
E00233,2020-10-01 00:00:00+05:30
E04972,2020-05-01 00:00:00+05:30
R01423,2020-05-01 00:00:00+05:30
E02652,2020-11-01 00:00:00+05:30
E04890,2020-09-01 00:00:00+05:30
E01550,2020-10-01 00:00:00+05:30
E04217,2019-12-01 00:00:00+05:30
R04931,2020-08-01 00:00:00+05:30
E01188,2020-07-01 00:00:00+05:30
E04165,2019-12-01 00:00:00+05:30
R03446,2020-05-01 00:00:00+05:30
R02071,2019-12-01 00:00:00+05:30
E01832,2019-10-01 00:00:00+05:30
E03947,2020-01-01 00:00:00+05:30
R01309,2019-10-01 00:00:00+05:30
R01225,2019-04-01 00:00:00+05:30
E00749,2020-08-01 00:00:00+05:30
E00981,2020-03-01 00:00:00+05:30
E03007,2020-09-01 00:00:00+05:30
E02554,2020-07-01 00:00:00+05:30
R02047,2019-05-01 00:00:00+05:30
R02375,2019-08-01 00:00:00+05:30
R02421,2019-09-01 00:00:00+05:30
E02960,2020-05-01 00:00:00+05:30
R00559,2020-05-01 00:00:00+05:30
R02192,2020-03-01 00:00:00+05:30
R01091,2020-05-01 00:00:00+05:30
E02900,2020-10-01 00:00:00+05:30
R03000,2020-01-01 00:00:00+05:30
E01409,2020-06-01 00:00:00+05:30
E02761,2020-09-01 00:00:00+05:30
E02427,2020-02-01 00:00:00+05:30
R04732,2019-10-01 00:00:00+05:30
E03018,2020-08-01 00:00:00+05:30
R01706,2019-12-01 00:00:00+05:30
E00402,2020-08-01 00:00:00+05:30
E02249,2020-06-01 00:00:00+05:30
R04242,2019-09-01 00:00:00+05:30
R04131,2019-10-01 00:00:00+05:30
E01895,2020-01-01 00:00:00+05:30
R01947,2020-03-01 00:00:00+05:30
E02770,2020-07-01 00:00:00+05:30
E01281,2020-08-01 00:00:00+05:30
R01249,2020-06-01 00:00:00+05:30
R03262,2020-02-01 00:00:00+05:30
R01896,2020-05-01 00:00:00+05:30
R02850,2020-03-01 00:00:00+05:30
E00446,2020-06-01 00:00:00+05:30
E01519,2020-04-01 00:00:00+05:30
R01339,2019-06-01 00:00:00+05:30
E03805,2020-11-01 00:00:00+05:30
R03223,2019-12-01 00:00:00+05:30
R04749,2019-08-01 00:00:00+05:30
E03528,2020-03-01 00:00:00+05:30
E00225,2020-04-01 00:00:00+05:30
R03106,2019-06-01 00:00:00+05:30
R00869,2020-05-01 00:00:00+05:30
E02562,2020-05-01 00:00:00+05:30
E01870,2020-05-01 00:00:00+05:30
E02783,2020-09-01 00:00:00+05:30
E03248,2020-05-01 00:00:00+05:30
E01820,2020-02-01 00:00:00+05:30
E04379,2020-07-01 00:00:00+05:30
R03090,2019-10-01 00:00:00+05:30
R04817,2019-08-01 00:00:00+05:30
E04517,2020-08-01 00:00:00+05:30
E02628,2020-01-01 00:00:00+05:30
R02428,2020-04-01 00:00:00+05:30
E03262,2020-08-01 00:00:00+05:30
R02202,2019-07-01 00:00:00+05:30
R04474,2019-06-01 00:00:00+05:30
E00527,2020-08-01 00:00:00+05:30
R00535,2020-07-01 00:00:00+05:30
E02478,2020-06-01 00:00:00+05:30
E03720,2020-03-01 00:00:00+05:30
R03718,2020-01-01 00:00:00+05:30
E00324,2020-07-01 00:00:00+05:30
E01417,2020-06-01 00:00:00+05:30
E03394,2020-06-01 00:00:00+05:30
R04155,2019-12-01 00:00:00+05:30
R02744,2019-07-01 00:00:00+05:30
E04938,2020-05-01 00:00:00+05:30
R00156,2020-06-01 00:00:00+05:30
E01309,2020-03-01 00:00:00+05:30
R00399,2019-07-01 00:00:00+05:30
R02005,2020-01-01 00:00:00+05:30
R04415,2019-11-01 00:00:00+05:30
E03347,2020-10-01 00:00:00+05:30
R03296,2020-01-01 00:00:00+05:30
E04931,2020-05-01 00:00:00+05:30
E02903,2020-06-01 00:00:00+05:30
R01371,2019-11-01 00:00:00+05:30
E01496,2020-04-01 00:00:00+05:30
E01423,2020-09-01 00:00:00+05:30
E00929,2020-07-01 00:00:00+05:30
R01118,2019-04-01 00:00:00+05:30
R03901,2019-07-01 00:00:00+05:30
R01631,2019-10-01 00:00:00+05:30
R00592,2020-02-01 00:00:00+05:30
R01870,2019-11-01 00:00:00+05:30
R03694,2019-07-01 00:00:00+05:30
R03417,2020-01-01 00:00:00+05:30
R01633,2019-07-01 00:00:00+05:30
E04398,2020-02-01 00:00:00+05:30
E02800,2020-05-01 00:00:00+05:30
E01271,2020-01-01 00:00:00+05:30
E00515,2019-12-01 00:00:00+05:30
R03059,2019-12-01 00:00:00+05:30
E00884,2020-07-01 00:00:00+05:30
R01357,2019-04-01 00:00:00+05:30
R00501,2019-08-01 00:00:00+05:30
E04547,2020-02-01 00:00:00+05:30
E00672,2020-05-01 00:00:00+05:30
R00672,2019-11-01 00:00:00+05:30
E03278,2020-01-01 00:00:00+05:30
R02166,2019-11-01 00:00:00+05:30
E04872,2020-07-01 00:00:00+05:30
R04448,2019-04-01 00:00:00+05:30
E01076,2020-01-01 00:00:00+05:30
E02153,2020-07-01 00:00:00+05:30
R00494,2020-05-01 00:00:00+05:30
E03642,2020-03-01 00:00:00+05:30
E00416,2020-04-01 00:00:00+05:30
E04079,2020-02-01 00:00:00+05:30
R02748,2019-08-01 00:00:00+05:30
R04802,2019-08-01 00:00:00+05:30
E04109,2020-04-01 00:00:00+05:30
R01636,2020-07-01 00:00:00+05:30
R00639,2019-06-01 00:00:00+05:30
E01582,2020-11-01 00:00:00+05:30
E03159,2020-06-01 00:00:00+05:30
R00749,2019-09-01 00:00:00+05:30
R01639,2019-11-01 00:00:00+05:30
R01291,2020-03-01 00:00:00+05:30
E01037,2020-03-01 00:00:00+05:30
E00304,2020-10-01 00:00:00+05:30
E01350,2020-04-01 00:00:00+05:30
R00785,2020-07-01 00:00:00+05:30
R03807,2019-07-01 00:00:00+05:30
E02522,2020-09-01 00:00:00+05:30
R00431,2019-06-01 00:00:00+05:30
R04194,2019-05-01 00:00:00+05:30
E04887,2020-08-01 00:00:00+05:30
E02576,2020-04-01 00:00:00+05:30
E02062,2020-08-01 00:00:00+05:30
E02148,2020-07-01 00:00:00+05:30
R03484,2020-06-01 00:00:00+05:30
R02761,2019-10-01 00:00:00+05:30
E01546,2020-01-01 00:00:00+05:30
E01947,2020-04-01 00:00:00+05:30
E00824,2020-06-01 00:00:00+05:30
E00091,2020-03-01 00:00:00+05:30
R04811,2020-01-01 00:00:00+05:30
E03269,2020-07-01 00:00:00+05:30
R00884,2020-05-01 00:00:00+05:30
E03490,2021-01-01 00:00:00+05:30
R04348,2019-09-01 00:00:00+05:30
E04194,2020-04-01 00:00:00+05:30
E03981,2020-05-01 00:00:00+05:30
R00834,2020-03-01 00:00:00+05:30
E01225,2020-07-01 00:00:00+05:30
R02923,2019-10-01 00:00:00+05:30
R04504,2020-09-01 00:00:00+05:30
R00443,2018-11-01 00:00:00+05:30
R02800,2020-09-01 00:00:00+05:30
R04380,2019-12-01 00:00:00+05:30
R02103,2020-01-01 00:00:00+05:30
E02453,2020-03-01 00:00:00+05:30
E00459,2020-10-01 00:00:00+05:30
E02534,2020-05-01 00:00:00+05:30
E04095,2020-02-01 00:00:00+05:30
E03719,2020-04-01 00:00:00+05:30
R00412,2020-04-01 00:00:00+05:30
R00508,2019-03-01 00:00:00+05:30
E03106,2020-09-01 00:00:00+05:30
E03247,2020-05-01 00:00:00+05:30
E00184,2020-06-01 00:00:00+05:30
R03894,2019-11-01 00:00:00+05:30
E01524,2020-05-01 00:00:00+05:30
R00103,2019-10-01 00:00:00+05:30
R01268,2019-09-01 00:00:00+05:30
E00181,2020-06-01 00:00:00+05:30
E03880,2020-05-01 00:00:00+05:30
R04163,2019-09-01 00:00:00+05:30
R02728,2020-05-01 00:00:00+05:30
E04799,2020-09-01 00:00:00+05:30
R02661,2019-11-01 00:00:00+05:30
R03471,2020-09-01 00:00:00+05:30
E02710,2020-07-01 00:00:00+05:30
E04403,2020-05-01 00:00:00+05:30
E03689,2020-10-01 00:00:00+05:30
R02710,2020-08-01 00:00:00+05:30
E02103,2020-02-01 00:00:00+05:30
R04170,2019-02-01 00:00:00+05:30
E04308,2020-05-01 00:00:00+05:30
R02938,2020-02-01 00:00:00+05:30
E01363,2020-04-01 00:00:00+05:30
R04572,2020-05-01 00:00:00+05:30
E01249,2020-06-01 00:00:00+05:30
E02147,2020-08-01 00:00:00+05:30
E01103,2020-01-01 00:00:00+05:30
E03149,2020-08-01 00:00:00+05:30
R03947,2020-04-01 00:00:00+05:30
R01361,2020-03-01 00:00:00+05:30
R00758,2019-10-01 00:00:00+05:30
E00639,2020-06-01 00:00:00+05:30
R00422,2020-05-01 00:00:00+05:30
R02033,2020-01-01 00:00:00+05:30
R04101,2019-06-01 00:00:00+05:30
R03691,2020-05-01 00:00:00+05:30
R03912,2020-04-01 00:00:00+05:30
E03919,2020-10-01 00:00:00+05:30
E01432,2019-12-01 00:00:00+05:30
E02298,2020-05-01 00:00:00+05:30
R03816,2019-12-01 00:00:00+05:30
E01291,2020-10-01 00:00:00+05:30
R01479,2020-06-01 00:00:00+05:30
R04517,2019-10-01 00:00:00+05:30
E04625,2020-12-01 00:00:00+05:30
R00005,2019-12-01 00:00:00+05:30
R02276,2019-09-01 00:00:00+05:30
E04345,2020-09-01 00:00:00+05:30
R02190,2019-10-01 00:00:00+05:30
E00503,2020-11-01 00:00:00+05:30
R04217,2019-08-01 00:00:00+05:30
R00553,2019-08-01 00:00:00+05:30
E04000,2020-11-01 00:00:00+05:30
E02216,2020-09-01 00:00:00+05:30
R03168,2020-01-01 00:00:00+05:30
R03540,2019-05-01 00:00:00+05:30
E01132,2020-09-01 00:00:00+05:30
E02818,2020-07-01 00:00:00+05:30
E04601,2020-11-01 00:00:00+05:30
R02939,2019-08-01 00:00:00+05:30
E04444,2020-08-01 00:00:00+05:30
R04369,2020-09-01 00:00:00+05:30
E04207,2020-09-01 00:00:00+05:30
E01377,2020-08-01 00:00:00+05:30
R00943,2019-05-01 00:00:00+05:30
E03591,2020-08-01 00:00:00+05:30
E02094,2020-05-01 00:00:00+05:30
E02848,2020-04-01 00:00:00+05:30
E02464,2020-06-01 00:00:00+05:30
R03277,2019-12-01 00:00:00+05:30
R03170,2019-06-01 00:00:00+05:30
R03571,2020-01-01 00:00:00+05:30
R01387,2019-08-01 00:00:00+05:30
R00207,2020-02-01 00:00:00+05:30
R03440,2020-01-01 00:00:00+05:30
R04277,2019-12-01 00:00:00+05:30
E04639,2020-08-01 00:00:00+05:30
R00638,2020-03-01 00:00:00+05:30
E02856,2021-02-01 00:00:00+05:30
E03681,2020-06-01 00:00:00+05:30
E02017,2020-07-01 00:00:00+05:30
E01753,2020-08-01 00:00:00+05:30
E03691,2021-01-01 00:00:00+05:30
E04213,2020-09-01 00:00:00+05:30
R04168,2020-04-01 00:00:00+05:30
R04037,2020-05-01 00:00:00+05:30
E01193,2020-05-01 00:00:00+05:30
R00556,2019-11-01 00:00:00+05:30
R01787,2020-04-01 00:00:00+05:30
E00701,2020-04-01 00:00:00+05:30
R04132,2020-05-01 00:00:00+05:30
R02310,2019-12-01 00:00:00+05:30
E01981,2020-08-01 00:00:00+05:30
E01263,2020-04-01 00:00:00+05:30
E01899,2020-06-01 00:00:00+05:30
R02681,2020-01-01 00:00:00+05:30
E03612,2020-02-01 00:00:00+05:30
E02391,2020-01-01 00:00:00+05:30
E02907,2020-04-01 00:00:00+05:30
R01628,2020-03-01 00:00:00+05:30
R02274,2019-11-01 00:00:00+05:30
R04756,2019-07-01 00:00:00+05:30
E04697,2020-06-01 00:00:00+05:30
E00716,2020-05-01 00:00:00+05:30
R01188,2019-09-01 00:00:00+05:30
E04155,2020-10-01 00:00:00+05:30
E00976,2020-08-01 00:00:00+05:30
R00791,2020-04-01 00:00:00+05:30
R01642,2019-07-01 00:00:00+05:30
E00935,2020-05-01 00:00:00+05:30
R00568,2019-08-01 00:00:00+05:30
E00145,2020-07-01 00:00:00+05:30
R03583,2019-09-01 00:00:00+05:30
R04095,2019-06-01 00:00:00+05:30
E02179,2020-09-01 00:00:00+05:30
R03064,2019-12-01 00:00:00+05:30
E04802,2019-11-01 00:00:00+05:30
R03325,2019-07-01 00:00:00+05:30
E00952,2020-05-01 00:00:00+05:30
E02033,2020-04-01 00:00:00+05:30
E01351,2020-07-01 00:00:00+05:30
R01921,2020-01-01 00:00:00+05:30
R01546,2019-07-01 00:00:00+05:30
E00715,2020-04-01 00:00:00+05:30
E00784,2020-03-01 00:00:00+05:30
E00717,2020-10-01 00:00:00+05:30
E01412,2020-04-01 00:00:00+05:30
R01832,2019-12-01 00:00:00+05:30
R00863,2020-06-01 00:00:00+05:30
R02183,2020-05-01 00:00:00+05:30
E01002,2020-01-01 00:00:00+05:30
R01883,2019-05-01 00:00:00+05:30
R01300,2020-01-01 00:00:00+05:30
E04978,2020-06-01 00:00:00+05:30
R02121,2020-01-01 00:00:00+05:30
E00245,2020-07-01 00:00:00+05:30
R04130,2019-08-01 00:00:00+05:30
E02881,2020-09-01 00:00:00+05:30
E04729,2020-01-01 00:00:00+05:30
R04249,2019-09-01 00:00:00+05:30
E02307,2020-06-01 00:00:00+05:30
E01706,2020-08-01 00:00:00+05:30
R01638,2020-07-01 00:00:00+05:30
E02917,2020-05-01 00:00:00+05:30
E00399,2020-05-01 00:00:00+05:30
E02193,2020-05-01 00:00:00+05:30
R04165,2019-12-01 00:00:00+05:30
R02984,2019-09-01 00:00:00+05:30
E03465,2020-05-01 00:00:00+05:30
E03834,2020-04-01 00:00:00+05:30
E02850,2020-09-01 00:00:00+05:30
R04207,2020-01-01 00:00:00+05:30
R02872,2020-04-01 00:00:00+05:30
R02179,2020-01-01 00:00:00+05:30
E01631,2020-05-01 00:00:00+05:30
R01488,2019-08-01 00:00:00+05:30
E00023,2020-05-01 00:00:00+05:30
E00163,2020-07-01 00:00:00+05:30
R01985,2020-10-01 00:00:00+05:30
E01985,2020-10-01 00:00:00+05:30
R00538,2020-04-01 00:00:00+05:30
E02843,2019-12-01 00:00:00+05:30
E03252,2020-09-01 00:00:00+05:30
R02140,2020-01-01 00:00:00+05:30
R03393,2019-12-01 00:00:00+05:30
R01578,2020-01-01 00:00:00+05:30
R02889,2020-01-01 00:00:00+05:30
R01649,2019-11-01 00:00:00+05:30
R00981,2019-12-01 00:00:00+05:30
E01089,2020-11-01 00:00:00+05:30
R04568,2019-12-01 00:00:00+05:30
R02730,2019-10-01 00:00:00+05:30
R00359,2019-07-01 00:00:00+05:30
E03908,2020-09-01 00:00:00+05:30
R03858,2020-02-01 00:00:00+05:30
R03292,2020-02-01 00:00:00+05:30
R00364,2019-11-01 00:00:00+05:30
E01148,2020-09-01 00:00:00+05:30
R02943,2020-01-01 00:00:00+05:30
R04029,2020-03-01 00:00:00+05:30
R04444,2020-06-01 00:00:00+05:30
R00972,2019-04-01 00:00:00+05:30
E02108,2020-05-01 00:00:00+05:30
E00957,2020-10-01 00:00:00+05:30
E03328,2019-12-01 00:00:00+05:30
E00591,2020-06-01 00:00:00+05:30
E01941,2020-03-01 00:00:00+05:30
R01403,2020-07-01 00:00:00+05:30
E02810,2020-02-01 00:00:00+05:30
E00156,2020-06-01 00:00:00+05:30
E01611,2020-06-01 00:00:00+05:30
R03347,2020-09-01 00:00:00+05:30
R01797,2019-04-01 00:00:00+05:30
R03496,2020-03-01 00:00:00+05:30
E02825,2020-03-01 00:00:00+05:30
E04126,2020-04-01 00:00:00+05:30
E03626,2020-07-01 00:00:00+05:30
E01966,2020-03-01 00:00:00+05:30
R02980,2019-07-01 00:00:00+05:30
E03461,2020-04-01 00:00:00+05:30
E03778,2020-08-01 00:00:00+05:30
R01363,2020-05-01 00:00:00+05:30
E03429,2020-04-01 00:00:00+05:30
R02259,2019-09-01 00:00:00+05:30
E00481,2020-05-01 00:00:00+05:30
R00465,2020-03-01 00:00:00+05:30
R01540,2020-02-01 00:00:00+05:30
R04682,2019-07-01 00:00:00+05:30
E02044,2020-06-01 00:00:00+05:30
E01591,2020-06-01 00:00:00+05:30
E03615,2020-03-01 00:00:00+05:30
E01242,2020-06-01 00:00:00+05:30
E04221,2020-09-01 00:00:00+05:30
E04817,2020-09-01 00:00:00+05:30
R04150,2020-07-01 00:00:00+05:30
E03059,2020-07-01 00:00:00+05:30
E03630,2020-04-01 00:00:00+05:30
R03364,2020-01-01 00:00:00+05:30
E01921,2019-11-01 00:00:00+05:30
E04572,2020-07-01 00:00:00+05:30
E03170,2020-07-01 00:00:00+05:30
E02183,2020-05-01 00:00:00+05:30
E02417,2020-08-01 00:00:00+05:30
E00130,2020-09-01 00:00:00+05:30
E01337,2020-02-01 00:00:00+05:30
R04994,2019-08-01 00:00:00+05:30
R01014,2019-12-01 00:00:00+05:30
R02960,2019-10-01 00:00:00+05:30
R00446,2019-08-01 00:00:00+05:30
E02696,2020-07-01 00:00:00+05:30
R00864,2020-03-01 00:00:00+05:30
E03685,2020-02-01 00:00:00+05:30
R01116,2019-09-01 00:00:00+05:30
E02035,2020-03-01 00:00:00+05:30
E03717,2019-11-01 00:00:00+05:30
E00342,2020-07-01 00:00:00+05:30
R00225,2019-09-01 00:00:00+05:30
R00371,2020-08-01 00:00:00+05:30
E00096,2020-06-01 00:00:00+05:30
R00523,2020-07-01 00:00:00+05:30
E03595,2020-05-01 00:00:00+05:30
R00836,2020-04-01 00:00:00+05:30
E02769,2020-03-01 00:00:00+05:30
R02802,2019-10-01 00:00:00+05:30
R04108,2019-10-01 00:00:00+05:30
E03574,2020-04-01 00:00:00+05:30
E04088,2020-06-01 00:00:00+05:30
R04472,2020-03-01 00:00:00+05:30
E00488,2020-01-01 00:00:00+05:30
E04127,2020-03-01 00:00:00+05:30
E01338,2020-04-01 00:00:00+05:30
E01995,2019-11-01 00:00:00+05:30
E00161,2020-07-01 00:00:00+05:30
E00364,2020-08-01 00:00:00+05:30
E02914,2020-04-01 00:00:00+05:30
R00311,2020-03-01 00:00:00+05:30
E00972,2019-12-01 00:00:00+05:30
R00078,2020-04-01 00:00:00+05:30
E03984,2019-12-01 00:00:00+05:30
R02703,2019-04-01 00:00:00+05:30
E04546,2020-08-01 00:00:00+05:30
R00417,2019-10-01 00:00:00+05:30
R00965,2020-06-01 00:00:00+05:30
E03160,2020-04-01 00:00:00+05:30
R03166,2020-01-01 00:00:00+05:30
E04636,2020-04-01 00:00:00+05:30
R00218,2019-12-01 00:00:00+05:30
R01941,2018-11-01 00:00:00+05:30
E00170,2020-08-01 00:00:00+05:30
R01711,2019-07-01 00:00:00+05:30
E03273,2020-03-01 00:00:00+05:30
R00369,2020-03-01 00:00:00+05:30
E04598,2020-10-01 00:00:00+05:30
E00671,2020-05-01 00:00:00+05:30
R01415,2020-02-01 00:00:00+05:30
E03364,2020-04-01 00:00:00+05:30
R02298,2020-02-01 00:00:00+05:30
E00311,2020-01-01 00:00:00+05:30
E01525,2020-04-01 00:00:00+05:30
R01845,2019-10-01 00:00:00+05:30
E03061,2020-05-01 00:00:00+05:30
E00816,2020-02-01 00:00:00+05:30
E04417,2020-08-01 00:00:00+05:30
R04004,2020-04-01 00:00:00+05:30
R03980,2020-05-01 00:00:00+05:30
E04103,2020-07-01 00:00:00+05:30
R00742,2019-09-01 00:00:00+05:30
E04419,2020-07-01 00:00:00+05:30
R03642,2019-07-01 00:00:00+05:30
E03417,2019-12-01 00:00:00+05:30
E00153,2019-12-01 00:00:00+05:30
E03567,2020-06-01 00:00:00+05:30
R02478,2019-03-01 00:00:00+05:30
R00752,2019-05-01 00:00:00+05:30
R03240,2019-10-01 00:00:00+05:30
E03455,2020-05-01 00:00:00+05:30
E04369,2020-08-01 00:00:00+05:30
E02992,2020-08-01 00:00:00+05:30
E02968,2020-03-01 00:00:00+05:30
E04112,2020-09-01 00:00:00+05:30
R03595,2019-06-01 00:00:00+05:30
E01232,2020-05-01 00:00:00+05:30
R00044,2019-10-01 00:00:00+05:30
E00941,2020-04-01 00:00:00+05:30
R01807,2020-07-01 00:00:00+05:30
E02189,2020-04-01 00:00:00+05:30
R03630,2020-03-01 00:00:00+05:30
E01427,2020-07-01 00:00:00+05:30
E03166,2020-05-01 00:00:00+05:30
E00634,2020-01-01 00:00:00+05:30
E01095,2020-03-01 00:00:00+05:30
E04487,2020-09-01 00:00:00+05:30
E01787,2020-06-01 00:00:00+05:30
R02613,2019-11-01 00:00:00+05:30
R02072,2019-10-01 00:00:00+05:30
R04683,2019-10-01 00:00:00+05:30
E02420,2020-02-01 00:00:00+05:30
R04308,2020-01-01 00:00:00+05:30
R04265,2019-10-01 00:00:00+05:30
R03226,2020-02-01 00:00:00+05:30
R04035,2019-05-01 00:00:00+05:30
E04637,2020-03-01 00:00:00+05:30
R03591,2020-01-01 00:00:00+05:30
E02206,2020-08-01 00:00:00+05:30
R03305,2020-06-01 00:00:00+05:30
R00595,2020-08-01 00:00:00+05:30
R02642,2020-05-01 00:00:00+05:30
E02802,2020-05-01 00:00:00+05:30
R01429,2019-03-01 00:00:00+05:30
E03519,2020-10-01 00:00:00+05:30
E04131,2020-06-01 00:00:00+05:30
R02023,2019-05-01 00:00:00+05:30
E03412,2020-07-01 00:00:00+05:30
E00880,2020-08-01 00:00:00+05:30
E03972,2020-07-01 00:00:00+05:30
E00549,2020-07-01 00:00:00+05:30
E04448,2020-01-01 00:00:00+05:30
R03545,2020-01-01 00:00:00+05:30
R01486,2019-09-01 00:00:00+05:30
R00862,2020-07-01 00:00:00+05:30
E04449,2020-04-01 00:00:00+05:30
E00034,2020-04-01 00:00:00+05:30
R01378,2020-02-01 00:00:00+05:30
R03131,2019-05-01 00:00:00+05:30
E01268,2020-07-01 00:00:00+05:30
E01484,2020-04-01 00:00:00+05:30
R03749,2019-09-01 00:00:00+05:30
R04567,2020-02-01 00:00:00+05:30
E04167,2020-05-01 00:00:00+05:30
R02554,2019-08-01 00:00:00+05:30
R04903,2020-02-01 00:00:00+05:30
E03547,2020-03-01 00:00:00+05:30
R00034,2019-06-01 00:00:00+05:30
R00994,2019-09-01 00:00:00+05:30
R01924,2019-10-01 00:00:00+05:30
E00412,2020-06-01 00:00:00+05:30
E04387,2020-02-01 00:00:00+05:30
R01409,2020-05-01 00:00:00+05:30
R03697,2019-04-01 00:00:00+05:30
E03404,2020-06-01 00:00:00+05:30
E02310,2020-06-01 00:00:00+05:30
R00500,2019-08-01 00:00:00+05:30
R04925,2019-12-01 00:00:00+05:30
R03881,2019-11-01 00:00:00+05:30
R00900,2020-09-01 00:00:00+05:30
R00769,2020-01-01 00:00:00+05:30
E00340,2020-05-01 00:00:00+05:30
R02059,2019-06-01 00:00:00+05:30
E00676,2020-06-01 00:00:00+05:30
E00568,2020-01-01 00:00:00+05:30
E04018,2020-07-01 00:00:00+05:30
R00699,2019-06-01 00:00:00+05:30
E04538,2020-05-01 00:00:00+05:30
R03928,2020-03-01 00:00:00+05:30
E00178,2020-09-01 00:00:00+05:30
E03858,2020-02-01 00:00:00+05:30
R03327,2020-02-01 00:00:00+05:30
R03994,2020-03-01 00:00:00+05:30
E03506,2020-03-01 00:00:00+05:30
R03419,2019-07-01 00:00:00+05:30
R04072,2019-06-01 00:00:00+05:30
E02535,2020-09-01 00:00:00+05:30
E03359,2020-08-01 00:00:00+05:30
E03893,2020-11-01 00:00:00+05:30
E02047,2020-04-01 00:00:00+05:30
R03065,2019-11-01 00:00:00+05:30
E00538,2019-12-01 00:00:00+05:30
E04683,2020-04-01 00:00:00+05:30
R03045,2019-11-01 00:00:00+05:30
R03362,2019-06-01 00:00:00+05:30
E01221,2020-06-01 00:00:00+05:30
E01064,2020-07-01 00:00:00+05:30
E01141,2020-06-01 00:00:00+05:30
R04766,2019-02-01 00:00:00+05:30
E03220,2020-05-01 00:00:00+05:30
E03343,2020-03-01 00:00:00+05:30
R03580,2020-03-01 00:00:00+05:30
E03240,2020-03-01 00:00:00+05:30
E01533,2020-06-01 00:00:00+05:30
E02477,2020-05-01 00:00:00+05:30
R03984,2020-01-01 00:00:00+05:30
E02074,2020-07-01 00:00:00+05:30
E00556,2020-07-01 00:00:00+05:30
E03344,2020-08-01 00:00:00+05:30
E00725,2020-03-01 00:00:00+05:30
R01090,2019-07-01 00:00:00+05:30
R03683,2020-01-01 00:00:00+05:30
E01986,2020-02-01 00:00:00+05:30
R01095,2020-02-01 00:00:00+05:30
R02038,2019-10-01 00:00:00+05:30
R02139,2020-04-01 00:00:00+05:30
E02440,2020-05-01 00:00:00+05:30
R00691,2019-09-01 00:00:00+05:30
R01167,2020-06-01 00:00:00+05:30
R01264,2019-12-01 00:00:00+05:30
R02917,2019-06-01 00:00:00+05:30
E01994,2020-04-01 00:00:00+05:30
E02274,2019-12-01 00:00:00+05:30
R00813,2019-08-01 00:00:00+05:30
E03532,2020-07-01 00:00:00+05:30
R00607,2019-05-01 00:00:00+05:30
R00415,2020-08-01 00:00:00+05:30
E01733,2020-06-01 00:00:00+05:30
E02665,2019-11-01 00:00:00+05:30
R02861,2019-12-01 00:00:00+05:30
R01465,2020-05-01 00:00:00+05:30
E01413,2020-10-01 00:00:00+05:30
R01902,2019-10-01 00:00:00+05:30
E03131,2020-02-01 00:00:00+05:30
E01108,2020-02-01 00:00:00+05:30
R02417,2020-08-01 00:00:00+05:30
R04103,2020-07-01 00:00:00+05:30
R00870,2019-12-01 00:00:00+05:30
E04571,2020-06-01 00:00:00+05:30
E01403,2020-05-01 00:00:00+05:30
E03349,2020-06-01 00:00:00+05:30
R03935,2019-06-01 00:00:00+05:30
E00711,2020-01-01 00:00:00+05:30
E00268,2020-12-01 00:00:00+05:30
R04542,2020-01-01 00:00:00+05:30
R04413,2019-10-01 00:00:00+05:30
R02914,2019-09-01 00:00:00+05:30
R02801,2020-05-01 00:00:00+05:30
R01508,2020-01-01 00:00:00+05:30
E01261,2020-02-01 00:00:00+05:30
E01465,2020-11-01 00:00:00+05:30
E04600,2020-11-01 00:00:00+05:30
R03278,2019-10-01 00:00:00+05:30
R03455,2019-07-01 00:00:00+05:30
R00102,2019-06-01 00:00:00+05:30
E00862,2020-06-01 00:00:00+05:30
R01839,2020-01-01 00:00:00+05:30
R01762,2020-03-01 00:00:00+05:30
E00592,2020-12-01 00:00:00+05:30
R04128,2020-06-01 00:00:00+05:30
R04601,2020-07-01 00:00:00+05:30
R02572,2020-08-01 00:00:00+05:30
R04417,2020-04-01 00:00:00+05:30
R02687,2019-12-01 00:00:00+05:30
R02254,2020-06-01 00:00:00+05:30
R02599,2020-04-01 00:00:00+05:30
E01711,2020-04-01 00:00:00+05:30
E04222,2020-02-01 00:00:00+05:30
E04590,2020-05-01 00:00:00+05:30
E04170,2020-02-01 00:00:00+05:30
E02594,2020-05-01 00:00:00+05:30
E04536,2020-03-01 00:00:00+05:30
E04477,2020-05-01 00:00:00+05:30
E02980,2020-04-01 00:00:00+05:30
E02489,2020-03-01 00:00:00+05:30
E01396,2020-06-01 00:00:00+05:30
R04877,2019-09-01 00:00:00+05:30
R03799,2019-08-01 00:00:00+05:30
R02035,2019-12-01 00:00:00+05:30
E02791,2020-08-01 00:00:00+05:30
E01070,2020-02-01 00:00:00+05:30
E02938,2020-10-01 00:00:00+05:30
R01652,2019-05-01 00:00:00+05:30
R03758,2019-11-01 00:00:00+05:30
R04221,2020-01-01 00:00:00+05:30
E03096,2020-06-01 00:00:00+05:30
R00824,2020-02-01 00:00:00+05:30
R01755,2020-03-01 00:00:00+05:30
R03906,2019-11-01 00:00:00+05:30
E02283,2019-11-01 00:00:00+05:30
R00344,2020-03-01 00:00:00+05:30
E04152,2020-06-01 00:00:00+05:30
R04079,2019-08-01 00:00:00+05:30
R00085,2019-08-01 00:00:00+05:30
R03637,2019-04-01 00:00:00+05:30
E01014,2020-08-01 00:00:00+05:30
E03277,2020-05-01 00:00:00+05:30
E00500,2020-05-01 00:00:00+05:30
E00747,2020-09-01 00:00:00+05:30
E00013,2020-08-01 00:00:00+05:30
E00436,2020-09-01 00:00:00+05:30
R04545,2019-11-01 00:00:00+05:30
R03096,2019-08-01 00:00:00+05:30
E01361,2020-05-01 00:00:00+05:30
E01194,2020-08-01 00:00:00+05:30
E00810,2020-07-01 00:00:00+05:30
R01425,2019-10-01 00:00:00+05:30
E03189,2020-09-01 00:00:00+05:30
E04163,2020-08-01 00:00:00+05:30
E00265,2020-07-01 00:00:00+05:30
E02166,2020-08-01 00:00:00+05:30
R01350,2019-12-01 00:00:00+05:30
R02148,2019-11-01 00:00:00+05:30
E04474,2020-03-01 00:00:00+05:30
R04487,2019-09-01 00:00:00+05:30
E01712,2020-08-01 00:00:00+05:30
R00360,2019-11-01 00:00:00+05:30
E01262,2020-06-01 00:00:00+05:30
E00785,2020-07-01 00:00:00+05:30
R02024,2019-05-01 00:00:00+05:30
R02877,2019-10-01 00:00:00+05:30
R01860,2019-10-01 00:00:00+05:30
R00265,2019-09-01 00:00:00+05:30
R03247,2020-05-01 00:00:00+05:30
R04449,2020-03-01 00:00:00+05:30
R02968,2019-12-01 00:00:00+05:30
E04739,2020-06-01 00:00:00+05:30
E02889,2020-03-01 00:00:00+05:30
E00005,2020-09-01 00:00:00+05:30
E02732,2020-06-01 00:00:00+05:30
E01649,2020-10-01 00:00:00+05:30
E03774,2020-09-01 00:00:00+05:30
R01466,2020-03-01 00:00:00+05:30
E03583,2020-04-01 00:00:00+05:30
R03423,2019-12-01 00:00:00+05:30
E01724,2020-04-01 00:00:00+05:30
E00826,2020-06-01 00:00:00+05:30
E02920,2020-11-01 00:00:00+05:30
R01108,2020-01-01 00:00:00+05:30
E04037,2020-08-01 00:00:00+05:30
R03402,2019-10-01 00:00:00+05:30
R00096,2020-06-01 00:00:00+05:30
E04952,2020-07-01 00:00:00+05:30
E02872,2020-02-01 00:00:00+05:30
E02813,2020-05-01 00:00:00+05:30
E02687,2020-11-01 00:00:00+05:30
R03854,2019-12-01 00:00:00+05:30
R00874,2019-03-01 00:00:00+05:30
R03904,2019-12-01 00:00:00+05:30
R02453,2019-08-01 00:00:00+05:30
R02066,2019-11-01 00:00:00+05:30
R02363,2020-01-01 00:00:00+05:30
E04607,2020-05-01 00:00:00+05:30
E03090,2020-11-01 00:00:00+05:30
R01366,2020-04-01 00:00:00+05:30
E04533,2020-07-01 00:00:00+05:30
E02071,2020-03-01 00:00:00+05:30
R03532,2019-09-01 00:00:00+05:30
R00403,2019-08-01 00:00:00+05:30
E01123,2020-05-01 00:00:00+05:30
E04342,2020-06-01 00:00:00+05:30
R03664,2020-05-01 00:00:00+05:30
R04290,2019-11-01 00:00:00+05:30
R01524,2019-06-01 00:00:00+05:30
R04618,2019-06-01 00:00:00+05:30
R01123,2019-12-01 00:00:00+05:30
R02627,2019-10-01 00:00:00+05:30
E00691,2020-06-01 00:00:00+05:30
E00432,2020-01-01 00:00:00+05:30
R04952,2019-05-01 00:00:00+05:30
R02875,2020-01-01 00:00:00+05:30
E01508,2020-03-01 00:00:00+05:30
E00508,2019-12-01 00:00:00+05:30
R03611,2019-12-01 00:00:00+05:30
R02769,2020-03-01 00:00:00+05:30
R01209,2019-08-01 00:00:00+05:30
R00402,2020-08-01 00:00:00+05:30
E01488,2020-07-01 00:00:00+05:30
E01952,2020-07-01 00:00:00+05:30
R03248,2020-06-01 00:00:00+05:30
E00359,2020-05-01 00:00:00+05:30
R00665,2020-01-01 00:00:00+05:30
E02066,2020-05-01 00:00:00+05:30
R02818,2019-07-01 00:00:00+05:30
E00480,2020-05-01 00:00:00+05:30
R00365,2019-10-01 00:00:00+05:30
E02661,2020-06-01 00:00:00+05:30
R04887,2019-12-01 00:00:00+05:30
E02121,2020-06-01 00:00:00+05:30
R00502,2020-02-01 00:00:00+05:30
R03919,2019-12-01 00:00:00+05:30
R00632,2020-02-01 00:00:00+05:30
E00044,2020-02-01 00:00:00+05:30
R00481,2019-09-01 00:00:00+05:30
R03550,2020-06-01 00:00:00+05:30
E00640,2020-04-01 00:00:00+05:30
E03045,2020-09-01 00:00:00+05:30
E01366,2020-02-01 00:00:00+05:30
E00369,2020-06-01 00:00:00+05:30
R04112,2020-05-01 00:00:00+05:30
R03370,2020-06-01 00:00:00+05:30
R00716,2019-11-01 00:00:00+05:30
R03648,2019-09-01 00:00:00+05:30
E01429,2020-03-01 00:00:00+05:30
R02652,2020-01-01 00:00:00+05:30
R02427,2020-05-01 00:00:00+05:30
E00440,2020-06-01 00:00:00+05:30
E03310,2020-02-01 00:00:00+05:30
R04546,2020-04-01 00:00:00+05:30
E00523,2020-08-01 00:00:00+05:30
E01883,2020-04-01 00:00:00+05:30
R00634,2019-08-01 00:00:00+05:30
E03055,2020-04-01 00:00:00+05:30
E00608,2020-05-01 00:00:00+05:30
E04720,2020-09-01 00:00:00+05:30
R00644,2020-02-01 00:00:00+05:30
R03438,2019-11-01 00:00:00+05:30
R03866,2019-06-01 00:00:00+05:30
R02965,2020-02-01 00:00:00+05:30
R01724,2019-11-01 00:00:00+05:30
E01970,2020-10-01 00:00:00+05:30
E04670,2020-07-01 00:00:00+05:30
R03007,2019-11-01 00:00:00+05:30
E04903,2020-08-01 00:00:00+05:30
E00870,2019-11-01 00:00:00+05:30
E00276,2020-04-01 00:00:00+05:30
R00023,2020-01-01 00:00:00+05:30
R01234,2020-02-01 00:00:00+05:30
E00154,2019-10-01 00:00:00+05:30
R04529,2019-08-01 00:00:00+05:30
E02252,2020-09-01 00:00:00+05:30
E02703,2020-02-01 00:00:00+05:30
R03300,2019-04-01 00:00:00+05:30
E02140,2020-11-01 00:00:00+05:30
R04342,2020-03-01 00:00:00+05:30
R00488,2019-12-01 00:00:00+05:30
R02108,2020-05-01 00:00:00+05:30
E03718,2020-01-01 00:00:00+05:30
E04224,2020-07-01 00:00:00+05:30
R00268,2019-06-01 00:00:00+05:30
E00791,2020-11-01 00:00:00+05:30
R01262,2020-03-01 00:00:00+05:30
E00089,2020-03-01 00:00:00+05:30
R01909,2019-06-01 00:00:00+05:30
E02971,2020-06-01 00:00:00+05:30
E04784,2020-01-01 00:00:00+05:30
R00577,2019-12-01 00:00:00+05:30
R03167,2019-09-01 00:00:00+05:30
E00769,2020-03-01 00:00:00+05:30
R04662,2019-08-01 00:00:00+05:30
R03880,2019-09-01 00:00:00+05:30
R02633,2020-02-01 00:00:00+05:30
R02088,2020-02-01 00:00:00+05:30
E03697,2020-08-01 00:00:00+05:30
R01749,2019-09-01 00:00:00+05:30
E04132,2020-06-01 00:00:00+05:30
E03064,2020-04-01 00:00:00+05:30
R02468,2019-05-01 00:00:00+05:30
R02307,2019-12-01 00:00:00+05:30
E02259,2020-05-01 00:00:00+05:30
E04871,2020-04-01 00:00:00+05:30
E04413,2020-06-01 00:00:00+05:30
R01377,2020-02-01 00:00:00+05:30
E04335,2020-01-01 00:00:00+05:30
R02942,2019-06-01 00:00:00+05:30
R03908,2020-07-01 00:00:00+05:30
E02838,2020-05-01 00:00:00+05:30
E02744,2020-03-01 00:00:00+05:30
E03824,2020-09-01 00:00:00+05:30
E01687,2020-05-01 00:00:00+05:30
R02693,2019-10-01 00:00:00+05:30
E00401,2020-06-01 00:00:00+05:30
R04762,2020-03-01 00:00:00+05:30
R04536,2019-02-01 00:00:00+05:30
E02059,2020-06-01 00:00:00+05:30
R00608,2020-05-01 00:00:00+05:30
E01848,2020-12-01 00:00:00+05:30
R01263,2020-08-01 00:00:00+05:30
E02258,2020-08-01 00:00:00+05:30
R02112,2019-06-01 00:00:00+05:30
E00607,2020-01-01 00:00:00+05:30
E01967,2020-04-01 00:00:00+05:30
R01484,2020-01-01 00:00:00+05:30
R04157,2020-03-01 00:00:00+05:30
R01064,2019-08-01 00:00:00+05:30
R02895,2019-02-01 00:00:00+05:30
R02992,2020-04-01 00:00:00+05:30
E01807,2020-10-01 00:00:00+05:30
R03521,2020-06-01 00:00:00+05:30
R02147,2019-04-01 00:00:00+05:30
R04872,2020-11-01 00:00:00+05:30
E02857,2020-08-01 00:00:00+05:30
R04378,2019-12-01 00:00:00+05:30
R03910,2019-04-01 00:00:00+05:30
E00371,2020-05-01 00:00:00+05:30
E03750,2020-05-01 00:00:00+05:30
R02249,2020-06-01 00:00:00+05:30
E03296,2020-09-01 00:00:00+05:30
R04720,2019-12-01 00:00:00+05:30
E04766,2020-01-01 00:00:00+05:30
E04101,2020-06-01 00:00:00+05:30
R03227,2019-04-01 00:00:00+05:30
R03680,2019-08-01 00:00:00+05:30
R00702,2019-10-01 00:00:00+05:30
R02649,2019-07-01 00:00:00+05:30
E04529,2020-02-01 00:00:00+05:30
E00344,2020-10-01 00:00:00+05:30
E04962,2020-01-01 00:00:00+05:30
E04779,2020-09-01 00:00:00+05:30
R01141,2020-04-01 00:00:00+05:30
R04798,2020-09-01 00:00:00+05:30
R00703,2020-08-01 00:00:00+05:30
E01760,2020-05-01 00:00:00+05:30
R02477,2019-07-01 00:00:00+05:30
E00078,2020-08-01 00:00:00+05:30
E00494,2020-09-01 00:00:00+05:30
R04972,2019-12-01 00:00:00+05:30
R00304,2020-01-01 00:00:00+05:30
R03159,2020-01-01 00:00:00+05:30
R01733,2019-11-01 00:00:00+05:30
R04224,2020-02-01 00:00:00+05:30
E04168,2020-04-01 00:00:00+05:30
E02531,2020-05-01 00:00:00+05:30
R00287,2020-01-01 00:00:00+05:30
E01896,2020-07-01 00:00:00+05:30
R00187,2019-09-01 00:00:00+05:30
R02855,2020-06-01 00:00:00+05:30
E00447,2020-07-01 00:00:00+05:30
E04004,2020-07-01 00:00:00+05:30
E04940,2020-04-01 00:00:00+05:30
R02206,2020-01-01 00:00:00+05:30
R04458,2019-06-01 00:00:00+05:30
E03941,2020-11-01 00:00:00+05:30
R00518,2019-11-01 00:00:00+05:30
R03981,2019-10-01 00:00:00+05:30
R04358,2019-09-01 00:00:00+05:30
R02031,2019-11-01 00:00:00+05:30
E00415,2020-08-01 00:00:00+05:30
E04491,2020-01-01 00:00:00+05:30
E02693,2020-04-01 00:00:00+05:30
R03310,2019-09-01 00:00:00+05:30
R00917,2020-04-01 00:00:00+05:30
R02313,2020-04-01 00:00:00+05:30
R04109,2020-03-01 00:00:00+05:30
R02791,2019-12-01 00:00:00+05:30
R00929,2020-08-01 00:00:00+05:30
R03058,2020-03-01 00:00:00+05:30
E01407,2020-06-01 00:00:00+05:30
R00089,2019-09-01 00:00:00+05:30
E04969,2020-09-01 00:00:00+05:30
R03802,2020-06-01 00:00:00+05:30
R01238,2019-12-01 00:00:00+05:30
E00380,2020-02-01 00:00:00+05:30
R00119,2019-08-01 00:00:00+05:30
R00880,2019-08-01 00:00:00+05:30
E03332,2020-09-01 00:00:00+05:30
R01148,2020-05-01 00:00:00+05:30
E03438,2020-10-01 00:00:00+05:30
R02531,2020-02-01 00:00:00+05:30
R00784,2019-08-01 00:00:00+05:30
R02221,2020-06-01 00:00:00+05:30
R01496,2019-08-01 00:00:00+05:30
R04491,2019-10-01 00:00:00+05:30
R03289,2019-08-01 00:00:00+05:30
R04978,2019-08-01 00:00:00+05:30
E03474,2019-12-01 00:00:00+05:30
E04128,2020-06-01 00:00:00+05:30
R02062,2020-05-01 00:00:00+05:30
E03393,2020-05-01 00:00:00+05:30
R02944,2020-06-01 00:00:00+05:30
E03694,2020-04-01 00:00:00+05:30
E03430,2020-01-01 00:00:00+05:30
R00401,2019-08-01 00:00:00+05:30
E01388,2020-06-01 00:00:00+05:30
R04136,2020-01-01 00:00:00+05:30
E04567,2020-04-01 00:00:00+05:30
E00325,2020-04-01 00:00:00+05:30
R01722,2019-12-01 00:00:00+05:30
R01351,2019-11-01 00:00:00+05:30
E02363,2020-09-01 00:00:00+05:30
R01242,2019-06-01 00:00:00+05:30
E04378,2020-04-01 00:00:00+05:30
R02706,2019-10-01 00:00:00+05:30
R04699,2019-09-01 00:00:00+05:30
R04729,2019-07-01 00:00:00+05:30
R03968,2020-04-01 00:00:00+05:30
R03893,2019-08-01 00:00:00+05:30
E02024,2019-12-01 00:00:00+05:30
E02521,2020-06-01 00:00:00+05:30
R02258,2020-04-01 00:00:00+05:30
R02333,2020-02-01 00:00:00+05:30
E04994,2020-04-01 00:00:00+05:30
E03042,2020-03-01 00:00:00+05:30
R00957,2019-12-01 00:00:00+05:30
R00254,2020-02-01 00:00:00+05:30
R00459,2019-12-01 00:00:00+05:30
E03968,2020-05-01 00:00:00+05:30
R03795,2020-02-01 00:00:00+05:30
R03956,2020-03-01 00:00:00+05:30
E00869,2020-02-01 00:00:00+05:30
E01722,2020-07-01 00:00:00+05:30
R01258,2019-07-01 00:00:00+05:30
E01713,2020-07-01 00:00:00+05:30
E02861,2020-07-01 00:00:00+05:30
E03799,2020-09-01 00:00:00+05:30
E01241,2020-03-01 00:00:00+05:30
R00647,2019-11-01 00:00:00+05:30
R03124,2019-10-01 00:00:00+05:30
E00521,2020-01-01 00:00:00+05:30
E02561,2021-01-01 00:00:00+05:30
E04130,2020-05-01 00:00:00+05:30
R02464,2019-09-01 00:00:00+05:30
E02023,2020-04-01 00:00:00+05:30
R03255,2020-01-01 00:00:00+05:30
R01899,2020-06-01 00:00:00+05:30
E03113,2020-06-01 00:00:00+05:30
R01052,2019-09-01 00:00:00+05:30
E01357,2020-03-01 00:00:00+05:30
E02627,2020-01-01 00:00:00+05:30
R00725,2019-12-01 00:00:00+05:30
E02706,2020-09-01 00:00:00+05:30
R03328,2019-12-01 00:00:00+05:30
R04288,2019-11-01 00:00:00+05:30
E04359,2020-08-01 00:00:00+05:30
E03901,2020-08-01 00:00:00+05:30
R00515,2019-11-01 00:00:00+05:30
R03268,2019-07-01 00:00:00+05:30
E00752,2020-09-01 00:00:00+05:30
R04174,2019-07-01 00:00:00+05:30
E00431,2020-03-01 00:00:00+05:30
E04239,2020-06-01 00:00:00+05:30
R01958,2019-06-01 00:00:00+05:30
R03251,2019-06-01 00:00:00+05:30
E00535,2020-02-01 00:00:00+05:30
E01834,2020-01-01 00:00:00+05:30
R03429,2020-01-01 00:00:00+05:30
R01898,2020-06-01 00:00:00+05:30
E02088,2020-06-01 00:00:00+05:30
R02844,2019-08-01 00:00:00+05:30
R02848,2019-08-01 00:00:00+05:30
R01943,2020-07-01 00:00:00+05:30
E01167,2020-06-01 00:00:00+05:30
R01952,2019-12-01 00:00:00+05:30
E03655,2019-12-01 00:00:00+05:30
R03042,2019-05-01 00:00:00+05:30
R04641,2019-01-01 00:00:00+05:30
R04751,2020-02-01 00:00:00+05:30
R03567,2019-11-01 00:00:00+05:30
E04562,2020-07-01 00:00:00+05:30
R02191,2019-09-01 00:00:00+05:30
E00218,2020-09-01 00:00:00+05:30
E02254,2020-11-01 00:00:00+05:30
R00022,2019-12-01 00:00:00+05:30
E00555,2020-05-01 00:00:00+05:30
E03578,2020-08-01 00:00:00+05:30
R01103,2019-08-01 00:00:00+05:30
R01844,2019-09-01 00:00:00+05:30
E00638,2020-09-01 00:00:00+05:30
R02252,2020-01-01 00:00:00+05:30
R00503,2019-07-01 00:00:00+05:30
E01378,2020-05-01 00:00:00+05:30
R03114,2020-02-01 00:00:00+05:30
E04226,2019-12-01 00:00:00+05:30
E03902,2020-07-01 00:00:00+05:30
E03611,2020-06-01 00:00:00+05:30
R02987,2020-05-01 00:00:00+05:30
R04795,2020-06-01 00:00:00+05:30
E04735,2020-03-01 00:00:00+05:30
R02696,2019-09-01 00:00:00+05:30
R01591,2019-11-01 00:00:00+05:30
E01499,2020-06-01 00:00:00+05:30
E00836,2020-02-01 00:00:00+05:30
E01116,2020-09-01 00:00:00+05:30
R03890,2019-11-01 00:00:00+05:30
R03875,2019-12-01 00:00:00+05:30
R02440,2019-08-01 00:00:00+05:30
E02833,2020-05-01 00:00:00+05:30
E02984,2020-11-01 00:00:00+05:30
E01006,2020-03-01 00:00:00+05:30
R04386,2019-05-01 00:00:00+05:30
R01422,2019-06-01 00:00:00+05:30
R02473,2019-12-01 00:00:00+05:30
R03689,2019-08-01 00:00:00+05:30
E02832,2020-04-01 00:00:00+05:30
R02783,2020-03-01 00:00:00+05:30
R04484,2019-12-01 00:00:00+05:30
E04458,2020-06-01 00:00:00+05:30
R03538,2020-02-01 00:00:00+05:30
R04114,2020-04-01 00:00:00+05:30
E02884,2020-12-01 00:00:00+05:30
E01501,2020-08-01 00:00:00+05:30
E01425,2020-04-01 00:00:00+05:30
R04697,2019-12-01 00:00:00+05:30
R03102,2020-07-01 00:00:00+05:30
R04816,2019-04-01 00:00:00+05:30
R00324,2019-12-01 00:00:00+05:30
R04735,2019-08-01 00:00:00+05:30
R03081,2020-06-01 00:00:00+05:30
R03343,2019-09-01 00:00:00+05:30
E03664,2020-08-01 00:00:00+05:30
R03113,2020-05-01 00:00:00+05:30
E04959,2020-10-01 00:00:00+05:30
E01639,2020-03-01 00:00:00+05:30
E03935,2020-05-01 00:00:00+05:30
R04940,2019-06-01 00:00:00+05:30
E00319,2020-08-01 00:00:00+05:30
E02944,2020-05-01 00:00:00+05:30
R02017,2019-12-01 00:00:00+05:30
R01019,2019-11-01 00:00:00+05:30
R00447,2019-08-01 00:00:00+05:30
R02846,2020-02-01 00:00:00+05:30
R04105,2019-09-01 00:00:00+05:30
E00282,2020-04-01 00:00:00+05:30
R02825,2019-09-01 00:00:00+05:30
E04466,2020-11-01 00:00:00+05:30
E02639,2020-01-01 00:00:00+05:30
R02803,2020-06-01 00:00:00+05:30
R03685,2020-05-01 00:00:00+05:30
E00501,2019-12-01 00:00:00+05:30
R01194,2019-11-01 00:00:00+05:30
R03344,2019-09-01 00:00:00+05:30
E04937,2019-11-01 00:00:00+05:30
E02139,2020-08-01 00:00:00+05:30
R02284,2019-12-01 00:00:00+05:30
E03816,2020-06-01 00:00:00+05:30
E02781,2020-07-01 00:00:00+05:30
R00282,2020-03-01 00:00:00+05:30
E00254,2020-03-01 00:00:00+05:30
R03864,2020-04-01 00:00:00+05:30
E01628,2020-09-01 00:00:00+05:30
R00153,2019-04-01 00:00:00+05:30
E03521,2020-04-01 00:00:00+05:30
E02331,2020-05-01 00:00:00+05:30
E04174,2020-07-01 00:00:00+05:30
E04800,2020-03-01 00:00:00+05:30
R03371,2019-09-01 00:00:00+05:30
E04927,2020-05-01 00:00:00+05:30
R02555,2019-12-01 00:00:00+05:30
R04853,2019-12-01 00:00:00+05:30
R01347,2019-09-01 00:00:00+05:30
R02798,2020-03-01 00:00:00+05:30
R02063,2020-04-01 00:00:00+05:30
R03719,2019-09-01 00:00:00+05:30
R01668,2019-09-01 00:00:00+05:30
R04299,2020-01-01 00:00:00+05:30
E00697,2020-06-01 00:00:00+05:30
E03616,2020-04-01 00:00:00+05:30
E00365,2020-02-01 00:00:00+05:30
R00273,2019-10-01 00:00:00+05:30
E01754,2020-05-01 00:00:00+05:30
E04853,2020-02-01 00:00:00+05:30
E04682,2020-08-01 00:00:00+05:30
E00758,2020-10-01 00:00:00+05:30
R02857,2019-09-01 00:00:00+05:30
E04888,2020-06-01 00:00:00+05:30
E03223,2020-04-01 00:00:00+05:30
E03496,2020-05-01 00:00:00+05:30
R01516,2019-11-01 00:00:00+05:30
R01037,2019-03-01 00:00:00+05:30
E03371,2020-06-01 00:00:00+05:30
R02628,2020-02-01 00:00:00+05:30
R04637,2020-03-01 00:00:00+05:30
E02221,2020-01-01 00:00:00+05:30
E04089,2020-04-01 00:00:00+05:30
E02684,2020-07-01 00:00:00+05:30
E01264,2020-04-01 00:00:00+05:30
E03538,2020-07-01 00:00:00+05:30
R01714,2019-11-01 00:00:00+05:30
E00403,2020-11-01 00:00:00+05:30
R01281,2019-11-01 00:00:00+05:30
E02468,2020-01-01 00:00:00+05:30
R04547,2019-07-01 00:00:00+05:30
R04564,2019-11-01 00:00:00+05:30
E03268,2020-04-01 00:00:00+05:30
E03648,2020-05-01 00:00:00+05:30
E03890,2021-01-01 00:00:00+05:30
E03550,2020-09-01 00:00:00+05:30
E03956,2019-12-01 00:00:00+05:30
R02094,2019-12-01 00:00:00+05:30
R01232,2019-06-01 00:00:00+05:30
R03457,2020-04-01 00:00:00+05:30
E01052,2020-07-01 00:00:00+05:30
E02473,2019-12-01 00:00:00+05:30
E03889,2020-07-01 00:00:00+05:30
E03560,2020-11-01 00:00:00+05:30
R01967,2020-01-01 00:00:00+05:30
E00443,2020-04-01 00:00:00+05:30
R00646,2020-03-01 00:00:00+05:30
E02313,2020-11-01 00:00:00+05:30
E02572,2020-08-01 00:00:00+05:30
R02810,2020-02-01 00:00:00+05:30
R00955,2020-01-01 00:00:00+05:30
E03383,2020-01-01 00:00:00+05:30
R00245,2019-02-01 00:00:00+05:30
R03902,2019-12-01 00:00:00+05:30
E02642,2020-04-01 00:00:00+05:30
R03737,2019-11-01 00:00:00+05:30
R01221,2020-01-01 00:00:00+05:30
R01006,2020-06-01 00:00:00+05:30
R02534,2020-05-01 00:00:00+05:30
E02375,2020-05-01 00:00:00+05:30
R04917,2019-09-01 00:00:00+05:30
E03563,2019-12-01 00:00:00+05:30
E00022,2020-09-01 00:00:00+05:30
R03047,2020-07-01 00:00:00+05:30
E02005,2021-01-01 00:00:00+05:30
E01209,2020-02-01 00:00:00+05:30
E03402,2020-05-01 00:00:00+05:30
R04387,2020-07-01 00:00:00+05:30
E01633,2020-12-01 00:00:00+05:30
R00701,2019-09-01 00:00:00+05:30
E00593,2020-03-01 00:00:00+05:30
E03807,2020-05-01 00:00:00+05:30
R01089,2020-09-01 00:00:00+05:30
E00035,2020-05-01 00:00:00+05:30
E00646,2020-08-01 00:00:00+05:30
E03457,2020-06-01 00:00:00+05:30
R03849,2019-06-01 00:00:00+05:30
R01611,2020-06-01 00:00:00+05:30
E02965,2020-10-01 00:00:00+05:30
E00502,2020-04-01 00:00:00+05:30
E04123,2020-06-01 00:00:00+05:30
E04756,2020-09-01 00:00:00+05:30
R03563,2019-10-01 00:00:00+05:30
R04116,2019-12-01 00:00:00+05:30
R02884,2019-09-01 00:00:00+05:30
R00667,2020-01-01 00:00:00+05:30
R04239,2019-09-01 00:00:00+05:30
R01286,2019-05-01 00:00:00+05:30
R02283,2019-01-01 00:00:00+05:30
R01584,2019-12-01 00:00:00+05:30
R00099,2019-06-01 00:00:00+05:30
E01387,2020-01-01 00:00:00+05:30
R00527,2020-03-01 00:00:00+05:30
E04564,2020-06-01 00:00:00+05:30
R01002,2019-06-01 00:00:00+05:30
R01895,2019-05-01 00:00:00+05:30
E03549,2020-07-01 00:00:00+05:30
E00595,2020-08-01 00:00:00+05:30
E02555,2020-08-01 00:00:00+05:30
E04072,2020-04-01 00:00:00+05:30
E03540,2020-04-01 00:00:00+05:30
E04630,2020-05-01 00:00:00+05:30
R03025,2019-09-01 00:00:00+05:30
R02492,2019-09-01 00:00:00+05:30
R00717,2019-07-01 00:00:00+05:30
R03359,2020-01-01 00:00:00+05:30
R02227,2019-10-01 00:00:00+05:30
E00955,2020-07-01 00:00:00+05:30
R04920,2019-12-01 00:00:00+05:30
E00530,2020-07-01 00:00:00+05:30
E03683,2020-06-01 00:00:00+05:30
R01877,2020-01-01 00:00:00+05:30
R01193,2020-01-01 00:00:00+05:30
E03838,2020-08-01 00:00:00+05:30
R03626,2019-06-01 00:00:00+05:30
R03863,2020-03-01 00:00:00+05:30
R04379,2019-06-01 00:00:00+05:30
E03027,2020-05-01 00:00:00+05:30
E00699,2020-03-01 00:00:00+05:30
R04927,2020-09-01 00:00:00+05:30
E02563,2020-07-01 00:00:00+05:30
R00154,2020-04-01 00:00:00+05:30
E03251,2020-02-01 00:00:00+05:30
E04645,2019-12-01 00:00:00+05:30
E01415,2020-04-01 00:00:00+05:30
R03720,2020-04-01 00:00:00+05:30
R02907,2019-08-01 00:00:00+05:30
R01396,2019-11-01 00:00:00+05:30
R00105,2019-06-01 00:00:00+05:30
E04545,2019-11-01 00:00:00+05:30
E02987,2020-06-01 00:00:00+05:30
E02613,2020-08-01 00:00:00+05:30
E00644,2020-06-01 00:00:00+05:30
E01860,2020-01-01 00:00:00+05:30
E00586,2020-06-01 00:00:00+05:30
E01902,2021-01-01 00:00:00+05:30
E03327,2020-10-01 00:00:00+05:30
E00742,2020-07-01 00:00:00+05:30
R01525,2020-03-01 00:00:00+05:30
R02216,2019-07-01 00:00:00+05:30
R03474,2019-11-01 00:00:00+05:30
E03305,2020-09-01 00:00:00+05:30
E02378,2020-04-01 00:00:00+05:30
R04222,2019-12-01 00:00:00+05:30
R03520,2019-10-01 00:00:00+05:30
E03289,2020-03-01 00:00:00+05:30
E04029,2020-02-01 00:00:00+05:30
R01753,2020-01-01 00:00:00+05:30
R02576,2019-01-01 00:00:00+05:30
R01150,2019-10-01 00:00:00+05:30
R04354,2019-10-01 00:00:00+05:30
E04742,2020-05-01 00:00:00+05:30
R00549,2020-01-01 00:00:00+05:30
E02421,2020-01-01 00:00:00+05:30
R01820,2019-08-01 00:00:00+05:30
E01286,2020-05-01 00:00:00+05:30
E03749,2020-02-01 00:00:00+05:30
R00555,2019-06-01 00:00:00+05:30
E02730,2020-07-01 00:00:00+05:30
E02337,2020-07-01 00:00:00+05:30
R03578,2020-08-01 00:00:00+05:30
E00518,2020-05-01 00:00:00+05:30
E01844,2020-11-01 00:00:00+05:30
R00825,2020-01-01 00:00:00+05:30
R04645,2019-10-01 00:00:00+05:30
R01070,2019-07-01 00:00:00+05:30
R04959,2020-02-01 00:00:00+05:30
E04732,2020-06-01 00:00:00+05:30
E04926,2020-05-01 00:00:00+05:30
E00863,2020-03-01 00:00:00+05:30
R02966,2019-08-01 00:00:00+05:30
R00203,2020-01-01 00:00:00+05:30
E03875,2020-12-01 00:00:00+05:30
E00099,2020-07-01 00:00:00+05:30
E03097,2020-07-01 00:00:00+05:30
E03571,2019-12-01 00:00:00+05:30
E04699,2019-11-01 00:00:00+05:30
E00203,2020-07-01 00:00:00+05:30
R00128,2020-01-01 00:00:00+05:30
R00206,2020-05-01 00:00:00+05:30
R04636,2020-01-01 00:00:00+05:30
R03655,2020-01-01 00:00:00+05:30
R01834,2019-11-01 00:00:00+05:30
E03854,2020-06-01 00:00:00+05:30
E00144,2020-06-01 00:00:00+05:30
R02720,2019-09-01 00:00:00+05:30
E00187,2020-06-01 00:00:00+05:30
E02285,2020-06-01 00:00:00+05:30
R03354,2020-04-01 00:00:00+05:30
E02728,2020-08-01 00:00:00+05:30
R02521,2020-02-01 00:00:00+05:30
R03252,2019-12-01 00:00:00+05:30
E02492,2020-05-01 00:00:00+05:30
R00593,2019-10-01 00:00:00+05:30
R03332,2020-06-01 00:00:00+05:30
E01684,2020-07-01 00:00:00+05:30
E00825,2020-07-01 00:00:00+05:30
R03412,2019-09-01 00:00:00+05:30
R00091,2020-05-01 00:00:00+05:30
E02923,2020-09-01 00:00:00+05:30
E02748,2020-05-01 00:00:00+05:30
R04598,2019-10-01 00:00:00+05:30
R03547,2020-04-01 00:00:00+05:30
E01019,2020-06-01 00:00:00+05:30
R03269,2020-01-01 00:00:00+05:30
R04600,2019-05-01 00:00:00+05:30
R00276,2019-03-01 00:00:00+05:30
E03379,2020-08-01 00:00:00+05:30
R01994,2020-08-01 00:00:00+05:30
E04749,2020-03-01 00:00:00+05:30
E04288,2020-10-01 00:00:00+05:30
R04888,2019-08-01 00:00:00+05:30
E03292,2020-07-01 00:00:00+05:30
R02185,2020-01-01 00:00:00+05:30
R04742,2019-05-01 00:00:00+05:30
E03680,2020-09-01 00:00:00+05:30
R01687,2019-07-01 00:00:00+05:30
R02594,2019-11-01 00:00:00+05:30
E02720,2020-10-01 00:00:00+05:30
E01090,2020-01-01 00:00:00+05:30
E03980,2020-06-01 00:00:00+05:30
R03971,2020-05-01 00:00:00+05:30
E00553,2020-04-01 00:00:00+05:30
R03616,2020-09-01 00:00:00+05:30
E04105,2020-03-01 00:00:00+05:30
E03300,2020-08-01 00:00:00+05:30
E00813,2019-12-01 00:00:00+05:30
R03834,2019-10-01 00:00:00+05:30
E04504,2020-06-01 00:00:00+05:30
E00467,2020-07-01 00:00:00+05:30
E01638,2020-10-01 00:00:00+05:30
E02217,2020-04-01 00:00:00+05:30
E01797,2020-03-01 00:00:00+05:30
R02665,2019-03-01 00:00:00+05:30
E03025,2020-11-01 00:00:00+05:30
E03849,2020-08-01 00:00:00+05:30
E00119,2020-07-01 00:00:00+05:30
E04150,2020-07-01 00:00:00+05:30
R02217,2019-06-01 00:00:00+05:30
E03863,2020-06-01 00:00:00+05:30
R03972,2019-10-01 00:00:00+05:30
E00994,2020-06-01 00:00:00+05:30
R04871,2019-10-01 00:00:00+05:30
R00956,2019-08-01 00:00:00+05:30
E00422,2020-05-01 00:00:00+05:30
R01111,2019-08-01 00:00:00+05:30
R01338,2019-07-01 00:00:00+05:30
E04157,2020-06-01 00:00:00+05:30
E00417,2020-04-01 00:00:00+05:30
E01877,2020-10-01 00:00:00+05:30
R00178,2020-04-01 00:00:00+05:30
R00436,2020-03-01 00:00:00+05:30
E03255,2020-04-01 00:00:00+05:30
R00816,2020-02-01 00:00:00+05:30
E02844,2020-11-01 00:00:00+05:30
R04189,2019-08-01 00:00:00+05:30
E00965,2020-09-01 00:00:00+05:30
E02939,2020-04-01 00:00:00+05:30
R01966,2019-09-01 00:00:00+05:30
E03370,2020-11-01 00:00:00+05:30
E03737,2020-04-01 00:00:00+05:30
R03805,2020-04-01 00:00:00+05:30
E00287,2020-10-01 00:00:00+05:30
R01713,2019-11-01 00:00:00+05:30
E01636,2020-10-01 00:00:00+05:30
R04538,2020-01-01 00:00:00+05:30
R01789,2019-10-01 00:00:00+05:30
R00826,2020-07-01 00:00:00+05:30
E04798,2021-01-01 00:00:00+05:30
R00467,2019-12-01 00:00:00+05:30
E01578,2020-10-01 00:00:00+05:30
E04472,2020-05-01 00:00:00+05:30
R00130,2020-05-01 00:00:00+05:30
R02856,2020-01-01 00:00:00+05:30
R00126,2019-12-01 00:00:00+05:30
R03774,2019-12-01 00:00:00+05:30
R02337,2019-09-01 00:00:00+05:30
R02153,2020-02-01 00:00:00+05:30
E03907,2020-01-01 00:00:00+05:30
R00650,2019-09-01 00:00:00+05:30
R04590,2019-06-01 00:00:00+05:30
E04267,2020-03-01 00:00:00+05:30
R04938,2019-07-01 00:00:00+05:30
E03545,2020-02-01 00:00:00+05:30
R02012,2020-02-01 00:00:00+05:30
R03750,2019-02-01 00:00:00+05:30
E04795,2020-01-01 00:00:00+05:30
R04345,2020-06-01 00:00:00+05:30
R04937,2019-09-01 00:00:00+05:30
E04363,2020-10-01 00:00:00+05:30
E04108,2020-01-01 00:00:00+05:30
E03124,2020-01-01 00:00:00+05:30
R00416,2019-10-01 00:00:00+05:30
E04535,2020-03-01 00:00:00+05:30
R01412,2019-07-01 00:00:00+05:30
R02563,2020-02-01 00:00:00+05:30
E04917,2019-12-01 00:00:00+05:30
R04784,2019-10-01 00:00:00+05:30
R03612,2018-12-01 00:00:00+05:30
R02678,2019-10-01 00:00:00+05:30
E00207,2020-03-01 00:00:00+05:30
R01125,2019-12-01 00:00:00+05:30
R02899,2019-09-01 00:00:00+05:30
E02558,2020-05-01 00:00:00+05:30
E01234,2019-11-01 00:00:00+05:30
E00624,2020-06-01 00:00:00+05:30
E01422,2020-02-01 00:00:00+05:30
R02562,2020-06-01 00:00:00+05:30
E00917,2020-09-01 00:00:00+05:30
R04799,2019-08-01 00:00:00+05:30
E03081,2020-06-01 00:00:00+05:30
R01582,2020-05-01 00:00:00+05:30
R02832,2019-06-01 00:00:00+05:30
E04247,2020-06-01 00:00:00+05:30
R03394,2019-09-01 00:00:00+05:30
R00233,2020-09-01 00:00:00+05:30
E00126,2020-05-01 00:00:00+05:30
E03928,2020-07-01 00:00:00+05:30
R00440,2020-02-01 00:00:00+05:30
E01238,2020-11-01 00:00:00+05:30
R02522,2019-11-01 00:00:00+05:30
R00810,2019-12-01 00:00:00+05:30
E00206,2020-11-01 00:00:00+05:30
R01271,2019-01-01 00:00:00+05:30
E03484,2020-12-01 00:00:00+05:30
R03430,2019-05-01 00:00:00+05:30
E01540,2020-09-01 00:00:00+05:30
E02798,2020-10-01 00:00:00+05:30
E04877,2020-12-01 00:00:00+05:30
E01909,2020-03-01 00:00:00+05:30
E01479,2020-10-01 00:00:00+05:30
E01416,2020-06-01 00:00:00+05:30
R04477,2020-01-01 00:00:00+05:30
R02387,2020-01-01 00:00:00+05:30
E01091,2020-04-01 00:00:00+05:30
R03461,2020-10-01 00:00:00+05:30
E03971,2020-05-01 00:00:00+05:30
R00116,2019-12-01 00:00:00+05:30
R04167,2019-09-01 00:00:00+05:30
E02295,2020-11-01 00:00:00+05:30
R03018,2019-10-01 00:00:00+05:30
E01125,2020-03-01 00:00:00+05:30
R00671,2019-05-01 00:00:00+05:30
E04380,2020-04-01 00:00:00+05:30
E02031,2020-05-01 00:00:00+05:30
R02881,2019-05-01 00:00:00+05:30
R00951,2019-07-01 00:00:00+05:30
E02604,2020-04-01 00:00:00+05:30
E01339,2020-06-01 00:00:00+05:30
E03580,2020-05-01 00:00:00+05:30
E03168,2020-10-01 00:00:00+05:30
E04249,2020-08-01 00:00:00+05:30
R04000,2020-01-01 00:00:00+05:30
E02112,2020-02-01 00:00:00+05:30
R04466,2019-08-01 00:00:00+05:30
E00703,2020-11-01 00:00:00+05:30
R01981,2019-12-01 00:00:00+05:30
R04088,2019-05-01 00:00:00+05:30
E00273,2020-09-01 00:00:00+05:30
E01924,2020-01-01 00:00:00+05:30
E04265,2020-05-01 00:00:00+05:30
E03912,2020-12-01 00:00:00+05:30
R00035,2019-10-01 00:00:00+05:30
R02331,2020-08-01 00:00:00+05:30
R03379,2020-01-01 00:00:00+05:30
E02803,2020-07-01 00:00:00+05:30
R02862,2020-05-01 00:00:00+05:30
R03830,2019-09-01 00:00:00+05:30
E03994,2020-08-01 00:00:00+05:30
R04335,2020-04-01 00:00:00+05:30
E03904,2020-04-01 00:00:00+05:30
R03574,2020-04-01 00:00:00+05:30
E03910,2020-09-01 00:00:00+05:30
R04800,2019-08-01 00:00:00+05:30
E00702,2020-07-01 00:00:00+05:30
E03047,2020-10-01 00:00:00+05:30
R01261,2019-08-01 00:00:00+05:30
E00386,2020-01-01 00:00:00+05:30
R00624,2020-07-01 00:00:00+05:30
R04607,2019-08-01 00:00:00+05:30
E04048,2020-07-01 00:00:00+05:30
E04032,2020-06-01 00:00:00+05:30
R01241,2019-05-01 00:00:00+05:30
E01347,2020-04-01 00:00:00+05:30
E02072,2020-06-01 00:00:00+05:30
E02875,2020-11-01 00:00:00+05:30
R00976,2020-06-01 00:00:00+05:30
R03094,2019-10-01 00:00:00+05:30
E04189,2020-02-01 00:00:00+05:30
R03941,2019-10-01 00:00:00+05:30
R03549,2019-11-01 00:00:00+05:30
E02855,2020-03-01 00:00:00+05:30
E00465,2020-10-01 00:00:00+05:30
E03000,2020-06-01 00:00:00+05:30
R03149,2020-02-01 00:00:00+05:30
R01995,2019-05-01 00:00:00+05:30
E00682,2020-07-01 00:00:00+05:30
E00788,2020-09-01 00:00:00+05:30
R00144,2020-05-01 00:00:00+05:30
E03065,2020-09-01 00:00:00+05:30
R03097,2019-10-01 00:00:00+05:30
E02943,2020-08-01 00:00:00+05:30
R04769,2019-06-01 00:00:00+05:30
E03354,2020-07-01 00:00:00+05:30
E04484,2020-02-01 00:00:00+05:30
E02801,2020-06-01 00:00:00+05:30
E00085,2020-07-01 00:00:00+05:30
R03349,2019-06-01 00:00:00+05:30
R02833,2020-01-01 00:00:00+05:30
R01427,2019-11-01 00:00:00+05:30
E00632,2020-09-01 00:00:00+05:30
E02235,2020-01-01 00:00:00+05:30
R01927,2020-02-01 00:00:00+05:30
E03227,2020-04-01 00:00:00+05:30
E02899,2020-06-01 00:00:00+05:30
E04005,2020-04-01 00:00:00+05:30
R04285,2020-04-01 00:00:00+05:30
R02415,2020-04-01 00:00:00+05:30
R00319,2020-08-01 00:00:00+05:30
E01642,2020-09-01 00:00:00+05:30
R02747,2020-03-01 00:00:00+05:30
R03220,2019-08-01 00:00:00+05:30
R01550,2020-07-01 00:00:00+05:30
E00306,2020-10-01 00:00:00+05:30
E01371,2020-06-01 00:00:00+05:30
E02276,2020-04-01 00:00:00+05:30
R00480,2019-12-01 00:00:00+05:30
R00161,2020-06-01 00:00:00+05:30
R02558,2019-04-01 00:00:00+05:30
R03061,2020-05-01 00:00:00+05:30
E02063,2020-08-01 00:00:00+05:30
E04762,2020-08-01 00:00:00+05:30
R01416,2019-05-01 00:00:00+05:30
E02678,2020-07-01 00:00:00+05:30
E01075,2019-11-01 00:00:00+05:30
E01668,2020-08-01 00:00:00+05:30
R02535,2020-02-01 00:00:00+05:30
R01417,2019-08-01 00:00:00+05:30
R01684,2019-04-01 00:00:00+05:30
E02012,2020-09-01 00:00:00+05:30
R01986,2019-06-01 00:00:00+05:30
E04769,2020-03-01 00:00:00+05:30
R03615,2020-01-01 00:00:00+05:30
E02877,2020-08-01 00:00:00+05:30
E02633,2020-06-01 00:00:00+05:30
R04739,2019-08-01 00:00:00+05:30
E02681,2019-12-01 00:00:00+05:30
R03889,2019-07-01 00:00:00+05:30
E00103,2020-05-01 00:00:00+05:30
R03560,2019-10-01 00:00:00+05:30
R04267,2019-05-01 00:00:00+05:30
E00951,2020-05-01 00:00:00+05:30
R00605,2019-12-01 00:00:00+05:30
E04542,2020-06-01 00:00:00+05:30
R01407,2019-06-01 00:00:00+05:30
E02649,2020-09-01 00:00:00+05:30
E03802,2020-08-01 00:00:00+05:30
E01762,2020-06-01 00:00:00+05:30
E01584,2020-04-01 00:00:00+05:30
E02895,2020-04-01 00:00:00+05:30
R00306,2019-05-01 00:00:00+05:30
E00128,2020-07-01 00:00:00+05:30
R00530,2019-08-01 00:00:00+05:30
R01970,2020-05-01 00:00:00+05:30
E04285,2020-04-01 00:00:00+05:30
E02333,2020-06-01 00:00:00+05:30
E01300,2020-05-01 00:00:00+05:30
R03490,2020-01-01 00:00:00+05:30
R02639,2020-01-01 00:00:00+05:30
R00842,2019-12-01 00:00:00+05:30
E04035,2020-07-01 00:00:00+05:30
E02135,2020-01-01 00:00:00+05:30
R04087,2019-10-01 00:00:00+05:30
E02185,2020-09-01 00:00:00+05:30
R00386,2020-08-01 00:00:00+05:30
E03988,2020-10-01 00:00:00+05:30
E04386,2020-06-01 00:00:00+05:30
R03027,2019-12-01 00:00:00+05:30
R01413,2019-12-01 00:00:00+05:30
R02770,2020-06-01 00:00:00+05:30
E03881,2020-04-01 00:00:00+05:30
E03520,2020-03-01 00:00:00+05:30
R02391,2020-01-01 00:00:00+05:30
R04005,2020-03-01 00:00:00+05:30
R02489,2019-12-01 00:00:00+05:30
E02888,2020-08-01 00:00:00+05:30
R02732,2019-09-01 00:00:00+05:30
R03506,2019-07-01 00:00:00+05:30
E03102,2020-08-01 00:00:00+05:30
R00432,2019-10-01 00:00:00+05:30
R03579,2020-03-01 00:00:00+05:30
E01943,2020-08-01 00:00:00+05:30
R04962,2019-11-01 00:00:00+05:30
R04779,2020-04-01 00:00:00+05:30
R00682,2019-08-01 00:00:00+05:30
R00380,2020-05-01 00:00:00+05:30
R04226,2019-06-01 00:00:00+05:30
R04213,2020-02-01 00:00:00+05:30
E03419,2020-05-01 00:00:00+05:30
R04123,2019-09-01 00:00:00+05:30
R03907,2019-09-01 00:00:00+05:30
E02747,2020-10-01 00:00:00+05:30
R02716,2019-06-01 00:00:00+05:30
E04811,2020-09-01 00:00:00+05:30
E03167,2020-05-01 00:00:00+05:30
E03362,2020-03-01 00:00:00+05:30
R00145,2019-10-01 00:00:00+05:30
R02813,2020-03-01 00:00:00+05:30
R04398,2020-02-01 00:00:00+05:30
R02903,2019-11-01 00:00:00+05:30
R00788,2019-10-01 00:00:00+05:30
R02920,2020-07-01 00:00:00+05:30
R03383,2019-08-01 00:00:00+05:30
E01749,2020-10-01 00:00:00+05:30
R04464,2019-12-01 00:00:00+05:30
R02781,2019-12-01 00:00:00+05:30
E01118,2020-03-01 00:00:00+05:30
E01839,2020-06-01 00:00:00+05:30
E03094,2020-07-01 00:00:00+05:30
R02604,2020-04-01 00:00:00+05:30
R02888,2020-06-01 00:00:00+05:30
R01075,2020-05-01 00:00:00+05:30
R04247,2019-08-01 00:00:00+05:30
E03446,2020-07-01 00:00:00+05:30
R04969,2019-11-01 00:00:00+05:30
R04926,2019-09-01 00:00:00+05:30
R03838,2019-09-01 00:00:00+05:30
E02428,2020-07-01 00:00:00+05:30
